command,mean,stddev,median,user,system,min,max
bedtools bamtobed -i data/subsample.bam > /dev/null,12.302393609180001,0.027063286007380567,12.301540234880001,11.83599012,0.09541029999999999,12.26804263038,12.35630404638
