command,mean,stddev,median,user,system,min,max
bedtools closest -a data/a.sorted.bed -b data/b.sorted.bed > /dev/null,2.2381785665199994,0.014259426439046208,2.23776508292,2.1384638199999997,0.04072306,2.21789485442,2.26788714542
