command,mean,stddev,median,user,system,min,max
gia closest -a data/a.stranded.bed -b data/b.stranded.bed -sm > /dev/null,1.09272699748,0.0116961870852502,1.0878454516800002,1.0118365999999999,0.0540748,1.07957657668,1.1120292436800001
