command,mean,stddev,median,user,system,min,max
gia closest -a data/a.sorted.bed -b data/b.sorted.bed > /dev/null,0.8137018750199999,0.005856778320776283,0.8141981083200001,0.7499368799999998,0.03505544,0.80646706632,0.8235864833200001
