command,mean,stddev,median,user,system,min,max
bedtools cluster -i data/large.bed > /dev/null,3.5820602443,0.0400482249991237,3.5886103313,3.4378467,0.03441921999999999,3.5043010197999998,3.6548570188
