command,mean,stddev,median,user,system,min,max
bedtools cluster -i data/large.bed > /dev/null,3.56929779754,0.018818875272246124,3.56446332294,3.4498019999999996,0.035028619999999996,3.54988948844,3.6125364054399998
