command,mean,stddev,median,user,system,min,max
gia cluster -i data/large.bed > /dev/null,0.7341461384000001,0.02802505929333729,0.7206955508000001,0.6711547400000001,0.048681959999999996,0.7172838428000001,0.7979225508000001
