command,mean,stddev,median,user,system,min,max
gia cluster -i data/large.bed > /dev/null,0.72253624654,0.007290162150018716,0.7200776093400001,0.6542536999999999,0.04899826,0.7125619633400001,0.73353433834
