command,mean,stddev,median,user,system,min,max
bedtools complement -i data/large.bed -g data/genome.txt > /dev/null,3.04224918504,0.016066530915457896,3.0448404805400004,2.9236999,0.03143442,3.0226942940400003,3.07175641904
