command,mean,stddev,median,user,system,min,max
gia complement -i data/large.bed > /dev/null,0.5509610557,0.005326990488324151,0.5496182310000001,0.48658767999999997,0.045215,0.5435632100000001,0.558639501
