command,mean,stddev,median,user,system,min,max
gia complement -i data/large.bed > /dev/null,0.5521564624599999,0.0054167313034066845,0.55050794166,0.49673668,0.043934060000000004,0.54527108716,0.55907617116
