command,mean,stddev,median,user,system,min,max
bedtools complement -i data/large.bed -g data/genome.txt > /dev/null,2.99868479264,0.030514708963018822,2.99391901794,2.91313932,0.033156399999999996,2.96555099644,3.07432933044
