command,mean,stddev,median,user,system,min,max
bedtools coverage -a data/a.stranded.bed -b data/b.stranded.bed -s > /dev/null,5.4823818500599995,0.046872653274119554,5.47850116286,5.22810516,0.12036830000000001,5.41378376636,5.57359693336
