command,mean,stddev,median,user,system,min,max
bedtools slop -i data/large.bed -g data/genome.txt -b 1000 > /dev/null,3.61073122744,0.026410949430685726,3.5976298484399996,3.45739352,0.033621899999999996,3.58425824444,3.65434291044
