command,mean,stddev,median,user,system,min,max
gia extend -i data/large_stranded.bed -t 1000 -s > /dev/null,1.0351722525000002,0.01038063969972409,1.0397329605999999,0.93330258,0.06648881999999999,1.0211526066,1.0500124816
