command,mean,stddev,median,user,system,min,max
gia extend -i data/large.bed -t 1000 > /dev/null,0.5880732324400001,0.004186027544706478,0.5870656410400001,0.5304806,0.039640419999999996,0.5826400780400001,0.59606266104
