command,mean,stddev,median,user,system,min,max
bedops -u --range 1000:1000 data/large.bed > /dev/null,2.2163614948199997,0.009754854809428516,2.2162859698199995,2.10808556,0.03358831999999999,2.20362338632,2.23720151132
