command,mean,stddev,median,user,system,min,max
bedtools slop -i data/large_stranded.bed -g data/genome.txt -b 1000 -s > /dev/null,4.80926274422,0.03808762470855454,4.79833707782,4.646044239999999,0.04231108,4.76410218132,4.8734630153200005
