command,mean,stddev,median,user,system,min,max
bedtools flank -i data/large.bed -g data/genome.txt -b 1000 > /dev/null,5.23373271916,0.03412281610712527,5.23318349766,5.03969916,0.0378593,5.18731251916,5.305263561159999
