command,mean,stddev,median,user,system,min,max
bedtools flank -i data/large_stranded.bed -g data/genome.txt -b 1000 -s > /dev/null,7.04069343432,0.023990142309568484,7.04427210952,6.768164179999999,0.04962962,6.99883304702,7.07322171402
