command,mean,stddev,median,user,system,min,max
gia flank -i data/large.bed -t 1000 > /dev/null,0.95199725492,0.005265727355996147,0.95272544252,0.8710835799999999,0.05035342,0.94436948402,0.96086440102
