command,mean,stddev,median,user,system,min,max
bedtools flank -i data/large.bed -g data/genome.txt -b 1000 > /dev/null,5.292066591899999,0.03291281329571118,5.307877683299999,5.0635685200000005,0.04038024,5.2133980378,5.3239492878
