command,mean,stddev,median,user,system,min,max
gia flank -i data/large_stranded.bed -t 1000 -s > /dev/null,1.6470133760199999,0.01681401754349974,1.64934859642,1.51303062,0.08471178,1.62249753392,1.6800172429200002
