command,mean,stddev,median,user,system,min,max
gia get-fasta -f data/Homo_sapiens.GRCh38.dna.primary_assembly.fa.gz -i data/a.sorted.bed > /dev/null,7.891104208379998,0.03594831212251961,7.89386242518,7.418705179999999,0.22989601999999998,7.82697425868,7.958858591679999
