command,mean,stddev,median,user,system,min,max
gia get-fasta -f data/Homo_sapiens.GRCh38.dna.primary_assembly.fa -i data/a.sorted.bed > /dev/null,0.9025214074000001,0.017490237121744138,0.8972272951000001,0.7256639600000001,0.1492319,0.8796531696000001,0.9390914196000001
