command,mean,stddev,median,user,system,min,max
gia intersect -a data/a.stranded.bed -b data/b.stranded.bed -sm > /dev/null,0.8678185241800002,0.00909593504393572,0.8665321907800001,0.78514854,0.050481540000000005,0.8501051282800001,0.8814136692800001
