command,mean,stddev,median,user,system,min,max
bedops -i data/a.sorted.bed data/b.sorted.bed > /dev/null,1.0130007865799997,0.0027998562526412897,1.01225116578,0.9585532200000001,0.01792158,1.00944066578,1.01830874878
