command,mean,stddev,median,user,system,min,max
bedtools intersect -a data/a.stranded.bed -b data/b.stranded.bed -s > /dev/null,3.40056130822,0.019497889663965942,3.4080539832200003,3.1821843199999997,0.09291675999999999,3.3662734422200002,3.4215283582200002
