command,mean,stddev,median,user,system,min,max
gia intersect -a data/a.sorted.bed -b data/b.sorted.bed > /dev/null,0.5968337173400001,0.02106230191282068,0.5920640795400001,0.5471575000000001,0.03072356,0.57938424704,0.6538772050400001
