command,mean,stddev,median,user,system,min,max
gia intersect -a data/a.sorted.bed -b data/b.sorted.bed --stream > /dev/null,0.50237542236,0.004437585135369174,0.50193106416,0.46796292,0.017923859999999996,0.4980690641600001,0.51399310616
