command,mean,stddev,median,user,system,min,max
bedtools intersect -a data/a.sorted.bed -b data/b.sorted.bed -sorted > /dev/null,1.44762107906,0.010275204241849056,1.4487994791599998,1.37118498,0.032237659999999994,1.42337170866,1.4573737496599999
