command,mean,stddev,median,user,system,min,max
bedops -i data/a.bedops.sorted.bed data/b.bedops.sorted.bed > /dev/null,1.51988137342,0.009111407522337652,1.5212631112200001,1.4514407799999998,0.02328306,1.5062622567200001,1.53154071472
