command,mean,stddev,median,user,system,min,max
bedtools merge -i data/large_stranded.bed -s > /dev/null,3.0240954735,0.04202877885452918,3.0171657609,2.8900696,0.041221959999999995,2.9714115734,3.1035982404
