command,mean,stddev,median,user,system,min,max
gia merge -i data/large.bed > /dev/null,0.54015954084,0.006524384480294899,0.5407477491399999,0.47803635999999994,0.042979340000000005,0.53087645714,0.5505126661399999
