command,mean,stddev,median,user,system,min,max
bedops -m data/large.bed > /dev/null,1.8126563257599997,0.02253323328639114,1.8035680595599999,1.7344408599999999,0.03008554,1.80028889206,1.87515647506
