command,mean,stddev,median,user,system,min,max
bedtools merge -i data/large_stranded.bed -s > /dev/null,3.0471191417600005,0.02951639861218783,3.0552967876599997,2.92171034,0.03808432,2.98177880766,3.08530359966
