command,mean,stddev,median,user,system,min,max
bedops -m data/large.bed > /dev/null,1.80845142234,0.01362159875857191,1.81394443494,1.72510468,0.029875799999999997,1.78236466444,1.82300091344
