command,mean,stddev,median,user,system,min,max
gia merge -i data/large.bed > /dev/null,0.55410318926,0.00655877591064585,0.55238151836,0.49256807999999996,0.04355157999999999,0.5481976433600001,0.5679557683600001
