command,mean,stddev,median,user,system,min,max
gia merge -i data/large_stranded.bed -r > /dev/null,0.9953079892800002,0.02607781717677392,0.99991789358,0.8677936199999999,0.08884732000000001,0.96533947708,1.02439681008
