command,mean,stddev,median,user,system,min,max
gia random -n 10000000 -g data/genome.txt > /dev/null,1.20934226488,0.005426506582857741,1.2091357354799999,1.1513296799999997,0.0241371,1.19845658998,1.21608229898
