command,mean,stddev,median,user,system,min,max
bedtools random -n 10000000 -g data/genome.txt > /dev/null,4.7065420410400005,0.03661651863505869,4.70832794104,4.56868624,0.00975904,4.63087458704,4.76460917004
