command,mean,stddev,median,user,system,min,max
gia random -n 1000 -g data/genome.txt > /dev/null,0.0035621510720930216,0.00022959229591013999,0.003530447700000001,0.0019248242283298098,0.0010867165327695558,0.002907031700000001,0.004747489700000001
