command,mean,stddev,median,user,system,min,max
bedtools random -n 1000 -g data/genome.txt > /dev/null,0.0031057654519654446,0.00027897841297835424,0.0030697400200000013,0.0015399361555075602,0.0009544697192224628,0.002456199020000001,0.004587615020000001
