command,mean,stddev,median,user,system,min,max
bedtools random -n 1000000 -g data/genome.txt > /dev/null,0.45400666739999995,0.007269734274696368,0.4553258842,0.43789103999999995,0.0025043599999999997,0.4343987177,0.4610132587
