command,mean,stddev,median,user,system,min,max
gia random -n 1000000 -g data/genome.txt > /dev/null,0.1241603135034783,0.0012398905462726972,0.12432482246000001,0.11682376173913045,0.003649251304347826,0.12140561446,0.12597328146
