command,mean,stddev,median,user,system,min,max
gia random -n 10000 -g data/genome.txt > /dev/null,0.004579332959232734,0.0002346799357356028,0.00455776666,0.002965867109974425,0.0010545145780051144,0.00412222466,0.00559814166
