command,mean,stddev,median,user,system,min,max
gia random -n 100000 -g data/genome.txt > /dev/null,0.015522767441176479,0.0005102395104027819,0.015404610500000002,0.013387099999999999,0.0013801905882352948,0.014723257000000003,0.017406756000000002
