command,mean,stddev,median,user,system,min,max
bedtools random -n 10000 -g data/genome.txt > /dev/null,0.007138683313578602,0.00027989706130628446,0.007098738240000001,0.005494262073578593,0.0009620584615384622,0.006542279240000001,0.008382488240000001
