command,mean,stddev,median,user,system,min,max
gia random -n 10000000 -g data/genome.txt > /dev/null,1.19921552256,0.005131428980595973,1.19917500536,1.13979828,0.023832239999999998,1.19205583886,1.20926158986
