command,mean,stddev,median,user,system,min,max
bedtools random -n 100000 -g data/genome.txt > /dev/null,0.04775594580203388,0.0010987542605724527,0.04768252848,0.0446561274576271,0.0011869735593220334,0.04496548748,0.05057698748
