command,mean,stddev,median,user,system,min,max
gia sample -i data/large.bed -n 1000000 > /dev/null,0.66524108842,0.009778231092372611,0.66708152212,0.6194662799999999,0.03885892,0.65078312612,0.67800579312
