command,mean,stddev,median,user,system,min,max
bedtools sample -i data/large.bed -n 1000000 > /dev/null,2.0710529066600003,0.04056835632880882,2.06322811966,1.97839676,0.06331866,2.00718520216,2.1439691191600003
