command,mean,stddev,median,user,system,min,max
gia sample -i data/large.bed -n 1000000 > /dev/null,0.7008464599399999,0.013680592016149287,0.70322297644,0.6414394,0.036453379999999994,0.66842855994,0.7168805599400001
