command,mean,stddev,median,user,system,min,max
gia shift -i data/large.bed -a 1000 > /dev/null,0.57868551098,0.0034885673259487594,0.5784668901800001,0.52489948,0.03798583999999999,0.5730147441800001,0.58544961918
