command,mean,stddev,median,user,system,min,max
bedtools shift -i data/large.bed -g data/genome.txt -s 1000 > /dev/null,3.5838883725200006,0.13900819353509633,3.50981467262,3.4394602199999995,0.035025179999999996,3.40916427662,3.79875685962
