command,mean,stddev,median,user,system,min,max
sort-bed data/large.bed > /dev/null,2.7301668318799996,0.036083542385161024,2.7383694402800005,2.60464552,0.042101480000000004,2.66607958628,2.7700659612800003
