command,mean,stddev,median,user,system,min,max
bedtools sort -i data/large.bed > /dev/null,3.9513536789999995,0.06800858053977932,3.9470791045,3.59249868,0.22956784000000002,3.843328708,4.057539707999999
