command,mean,stddev,median,user,system,min,max
gia sort -i data/large.bed > /dev/null,0.5942320041000001,0.007042540882950947,0.5939169458000001,0.53489364,0.04428371999999999,0.5853916118000001,0.6040406958000001
