command,mean,stddev,median,user,system,min,max
bedtools sort -i data/large.bed > /dev/null,3.90972259,0.02587405172206562,3.909731369,3.5794068999999995,0.19835361999999995,3.8668583275,3.9508359945
