command,mean,stddev,median,user,system,min,max
gia sort -i data/large.bed > /dev/null,0.58066445094,0.006411096096815696,0.5801109680400001,0.52225006,0.041226599999999995,0.5709841960400001,0.5940191970400001
