command,mean,stddev,median,user,system,min,max
sort-bed data/large.bed > /dev/null,2.75507938776,0.021186245085411632,2.76075854156,2.63103014,0.04750778,2.72056831256,2.7792200625600003
