command,mean,stddev,median,user,system,min,max
gia spacing -i data/large.bed > /dev/null,1.0547677181600001,0.02502044852842909,1.0489063682600002,0.9676625,0.047112799999999996,1.02888624326,1.1180406602600002
