command,mean,stddev,median,user,system,min,max
gia spacing -i data/large.bed > /dev/null,1.0297138874999998,0.007278944528827655,1.0292209582999998,0.95452256,0.042791239999999994,1.0205265422999998,1.0436224583
