command,mean,stddev,median,user,system,min,max
bedtools spacing -i data/large.bed > /dev/null,2.89726037662,0.041593290011381734,2.9104947887200003,2.7726108799999998,0.033693759999999996,2.82853772672,2.93809772672
