command,mean,stddev,median,user,system,min,max
bedtools spacing -i data/large.bed > /dev/null,2.88154115678,0.02216311181728375,2.88366797768,2.7678789,0.030122039999999996,2.84154206118,2.9115573941800004
