command,mean,stddev,median,user,system,min,max
gia subtract -a data/a.sorted.bed -b data/b.sorted.bed > /dev/null,0.62452194862,0.02206530352115935,0.61616814442,0.57336868,0.03069786,0.60798808242,0.6834163324200001
