command,mean,stddev,median,user,system,min,max
bedops -i data/a.sorted.bed data/b.sorted.bed > /dev/null,1.01524846832,0.0027378910702339754,1.01540753892,0.9608775199999998,0.01799572,1.01154112192,1.02025145592
