command,mean,stddev,median,user,system,min,max
bedtools subtract -a data/a.stranded.bed -b data/b.stranded.bed -s > /dev/null,3.88215536254,0.022437286081929124,3.88621900394,3.6503709799999995,0.09480720000000001,3.84877456694,3.9156705669400003
