command,mean,stddev,median,user,system,min,max
bedtools subtract -a data/a.sorted.bed -b data/b.sorted.bed > /dev/null,3.3108468715,0.017050243240848088,3.3141241258000003,3.1254799399999995,0.08471437999999999,3.2754830633000003,3.3376067293
