command,mean,stddev,median,user,system,min,max
gia subtract -a data/a.stranded.bed -b data/b.stranded.bed -sm > /dev/null,0.91869262494,0.008500047542995158,0.91634543304,0.83498864,0.05316278,0.9093372875400001,0.9340762035400001
