command,mean,stddev,median,user,system,min,max
bedops -i data/a.sorted.bed data/b.sorted.bed > /dev/null,1.00238003558,0.004407468694608788,1.0020791188799998,0.9582247799999999,0.0168251,0.9934147438800001,1.0091616188799999
