command,mean,stddev,median,user,system,min,max
gia unionbedg -i data/a.bedgraph data/b.bedgraph data/c.bedgraph > /dev/null,6.856242859,0.037664135237106315,6.847671650600001,6.3378505999999994,0.27106456,6.8062205251000005,6.9213776501
