command,mean,stddev,median,user,system,min,max
bedtools window -a data/a.sorted.bed -b data/b.sorted.bed -w 1000 > /dev/null,7.7352502949,0.06231543213764926,7.7471819322,7.409126619999998,0.11044496,7.5917477242,7.8047405992000005
