command,mean,stddev,median,user,system,min,max
gia window -a data/a.stranded.bed -b data/b.stranded.bed -t 1000 -s > /dev/null,1.6000381399599999,0.011955669299956374,1.5988730980599999,1.4859524000000002,0.07658108,1.58277359906,1.62428709806
