command,mean,stddev,median,user,system,min,max
bedtools window -a data/a.stranded.bed -b data/b.stranded.bed -w 1000 -sm > /dev/null,7.94770730928,0.05290118860754514,7.94662371348,7.592391780000002,0.12749101999999998,7.84964408898,8.038147754979999
